attendance,assignment1,assignment2,mid1,mid2,cgpa,pass
83,4,4,21,7,6.67,1
60,4,1,11,6,4.7,0
98,0,5,16,18,5.05,1
57,4,2,23,21,6.03,1
49,2,4,5,16,5.04,0
84,5,5,10,0,6.32,0
51,4,4,6,20,7.4,1
61,4,0,22,22,7.34,1
56,5,6,21,23,7.23,1
50,5,1,8,9,9.92,1
68,6,1,3,23,9.79,1
59,1,1,21,11,6.58,1
47,5,3,2,6,7.33,0
62,6,0,21,24,9.66,1
87,4,6,13,8,5.84,1
61,0,3,12,4,9.4,0
93,0,0,3,4,9.91,0
100,1,2,3,13,9.59,1
64,0,1,7,15,5.11,0
43,4,5,16,7,5.73,1
54,6,6,22,21,4.7,1
79,5,2,1,21,5.85,1
94,0,0,2,1,7.57,0
65,5,3,5,22,9.4,1
67,2,0,7,14,7.27,0
79,1,0,6,9,7.45,0
55,0,0,23,20,8.62,1
51,1,2,23,19,4.44,1
75,0,2,17,9,9.0,1
58,1,2,23,17,4.52,1
81,3,1,4,0,9.87,0
72,6,3,24,16,5.65,1
66,0,4,12,3,9.71,1
77,4,3,2,11,4.87,0
92,5,4,13,1,4.7,0
96,4,4,3,8,4.7,0
58,6,6,5,15,6.8,1
41,0,2,15,2,6.83,0
74,2,1,12,20,7.97,1
90,2,2,16,10,8.37,1
41,6,6,9,1,4.13,0
54,1,1,20,11,6.91,1
82,5,3,17,9,4.28,1
73,5,4,8,22,7.11,1
72,5,3,21,5,7.97,1
94,3,5,22,16,7.87,1
59,0,2,24,12,6.09,1
49,1,2,2,11,9.18,0
96,1,6,5,12,4.69,0
68,2,6,15,3,4.2,0
60,0,2,10,13,5.06,0
51,6,3,10,15,6.82,1
55,4,2,1,20,5.47,0
76,5,6,14,21,8.46,1
79,0,5,18,16,6.24,1
65,4,1,3,18,7.1,1
100,6,5,20,7,6.6,1
68,2,6,10,9,9.08,1
54,4,5,15,24,7.39,1
92,6,5,15,21,8.43,1
99,6,6,22,22,8.49,1
98,6,1,1,12,8.38,1
54,0,0,12,4,6.28,0
95,0,4,0,5,8.99,0
97,3,2,22,20,9.58,1
95,0,4,18,24,8.75,1
45,5,0,0,9,6.91,0
46,0,0,20,18,7.48,1
95,2,0,0,19,4.38,0
72,1,0,1,24,8.35,1
48,1,5,8,5,7.56,0
81,6,4,15,17,7.52,1
45,6,1,22,0,5.79,0
49,6,0,8,9,6.96,0
44,4,6,14,19,5.82,1
74,4,0,19,11,4.07,1
50,2,3,22,22,7.37,1
74,2,3,11,14,7.16,1
46,3,2,6,7,9.54,0
80,6,5,24,20,6.55,1
86,4,2,20,9,7.79,1
63,3,2,14,13,5.57,1
47,4,6,2,9,6.49,0
56,1,1,9,6,8.95,0
55,6,3,3,9,9.38,1
71,0,2,20,5,7.69,1
85,5,3,10,20,9.12,1
92,3,0,3,4,4.85,0
44,1,1,16,8,8.88,1
57,1,2,17,12,9.46,1
60,0,1,12,11,5.62,0
54,3,4,23,4,7.0,1
95,6,1,0,7,9.56,1
81,0,2,10,13,5.45,0
41,3,3,13,14,4.74,0
67,1,0,20,15,8.03,1
50,4,0,7,15,4.95,0
68,2,1,16,21,8.66,1
74,4,3,10,6,5.89,0
99,5,5,13,10,8.03,1
52,0,6,16,21,7.47,1
79,2,0,5,22,6.18,1
47,4,1,21,13,7.25,1
81,2,3,2,3,7.88,0
87,0,5,16,23,9.92,1
97,6,6,23,7,8.73,1
85,6,3,3,10,4.94,0
63,1,2,6,2,6.44,0
57,3,4,16,17,8.15,1
49,2,4,14,7,4.63,0
46,4,5,22,24,5.48,1
87,5,1,24,3,6.18,1
81,2,0,8,12,9.63,1
88,2,5,17,20,4.81,1
64,2,6,9,17,6.64,1
45,4,2,15,22,5.44,1
44,2,4,13,6,9.61,1
79,2,5,23,10,9.23,1
70,4,4,20,19,7.66,1
73,2,1,0,7,7.03,0
68,2,5,3,11,7.59,0
67,3,1,23,1,7.37,1
42,5,0,1,4,7.04,0
77,5,5,23,2,6.06,1
80,6,5,15,17,4.17,1
45,1,5,18,23,4.97,1
95,3,2,0,24,5.5,1
94,1,1,10,21,7.73,1
55,0,6,4,9,6.77,0
89,0,6,6,7,5.33,0
71,2,2,10,14,7.27,1
68,6,1,11,17,5.31,1
51,4,6,6,13,8.44,1
44,3,3,20,4,8.77,1
96,1,2,20,11,6.58,1
83,0,6,3,6,5.06,0
63,5,3,10,19,9.89,1
53,2,4,3,17,8.45,1
43,5,4,24,24,5.23,1
78,4,5,11,6,7.65,1
85,5,1,15,12,9.82,1
46,4,1,5,21,7.49,1
73,0,6,22,18,9.01,1
53,3,6,17,11,5.31,1
58,1,1,4,14,5.64,0
52,1,3,8,4,8.67,0
43,1,2,23,0,5.49,0
70,0,4,8,21,8.7,1
77,1,6,5,14,6.29,1
80,4,2,12,14,5.99,1
47,3,6,19,14,4.79,1
88,0,5,1,11,4.73,0
63,1,0,8,9,9.21,0
41,3,1,10,22,8.83,1
46,6,6,10,16,6.15,1
95,0,0,21,11,4.33,1
93,0,5,20,23,6.34,1
91,6,2,16,19,6.42,1
44,3,5,14,8,4.02,0
70,4,3,17,20,8.93,1
60,2,2,21,9,7.14,1
99,3,5,2,6,5.71,0
73,4,3,7,0,6.73,0
98,2,1,18,9,6.63,1
99,3,6,14,9,8.82,1
77,2,3,1,3,6.54,0
58,0,2,21,3,7.79,1
68,3,1,23,5,4.15,1
62,4,3,7,4,8.11,0
50,1,6,21,3,9.19,1
94,1,6,19,15,8.19,1
59,6,1,10,12,4.11,0
76,6,5,9,2,9.81,1
52,4,3,21,21,9.55,1
94,5,5,13,6,4.93,1
43,2,3,21,11,10.0,1
76,6,5,19,4,6.35,1
48,5,1,5,19,6.62,1
59,2,2,4,2,6.0,0
59,0,2,14,2,7.6,0
60,4,2,19,2,9.87,1
98,0,2,21,22,9.31,1
82,0,2,0,18,7.55,0
81,0,0,21,23,9.56,1
62,4,2,0,7,5.8,0
66,4,6,24,1,5.44,1
44,6,6,4,13,7.44,1
52,2,1,9,10,7.76,0
51,2,1,7,7,4.69,0
81,1,1,8,24,8.9,1
47,3,4,24,10,6.12,1
59,2,0,10,13,6.34,0
76,2,0,16,4,9.96,1
94,5,5,6,9,6.26,1
50,3,4,14,8,7.12,1
66,1,1,4,18,8.81,1
87,3,1,23,4,5.97,1
92,1,4,21,20,9.42,1
60,0,5,19,4,7.68,1
91,1,2,19,11,7.37,1
52,0,5,11,7,4.81,0
71,0,2,15,12,8.61,1
52,6,1,7,6,4.78,0
88,4,5,8,5,6.73,1
80,1,5,2,20,8.56,1
62,1,4,20,22,9.2,1
64,5,1,10,20,6.39,1
91,1,1,11,0,4.37,0
92,5,6,1,24,6.35,1
100,3,5,18,23,7.71,1
57,0,1,15,1,8.47,0
62,4,1,15,21,6.88,1
77,0,0,8,1,8.59,0
62,6,6,24,17,6.87,1
71,2,2,1,19,9.97,1
85,4,4,2,7,5.75,0
61,4,2,20,9,8.26,1
43,5,2,11,24,6.71,1
86,5,1,1,19,9.99,1
40,0,5,0,24,7.42,1
80,0,1,6,18,4.96,0
91,5,3,21,2,4.68,1
95,3,5,10,20,9.68,1
45,1,5,6,12,9.73,1
52,1,5,19,11,9.54,1
46,2,5,9,15,7.61,1
98,3,1,24,3,8.59,1
58,3,3,19,0,6.19,0
61,5,1,15,19,5.14,1
89,6,0,24,23,6.35,1
60,5,5,23,2,8.64,1
44,3,4,17,14,8.18,1
69,6,5,19,5,6.63,1
70,6,5,7,15,6.42,1
89,3,3,4,11,9.63,1
86,0,4,7,11,4.42,0
86,2,1,17,23,5.09,1
74,3,6,3,12,8.73,1
90,2,3,7,2,8.14,0
83,4,3,1,1,5.25,0
97,5,6,3,1,4.67,0
58,2,1,3,5,8.66,0
59,0,1,16,13,9.0,1
48,0,4,5,10,7.71,0
75,6,4,7,4,4.05,0
84,4,1,11,21,9.5,1
44,0,3,4,18,4.79,0
45,0,3,18,13,5.7,1
74,5,4,3,8,4.6,0
58,2,5,0,14,7.92,0
94,1,2,11,18,5.24,1
57,1,2,3,0,5.87,0
88,1,0,16,21,9.49,1
87,3,2,23,14,6.53,1
51,6,2,24,18,5.66,1
48,0,4,19,13,5.44,1
97,0,5,5,10,6.31,0
99,1,5,18,7,5.73,1
53,5,4,4,18,9.15,1
51,4,5,14,10,4.02,1
93,2,4,13,21,6.29,1
96,4,5,6,7,6.08,1
92,0,5,12,14,9.29,1
79,1,4,15,9,7.66,1
85,2,3,24,21,9.32,1
88,3,1,12,15,5.53,1
81,3,2,13,22,9.2,1
91,1,5,9,4,8.53,1
74,0,6,1,17,6.93,1
41,3,1,14,7,5.65,0
86,5,1,13,16,6.16,1
41,1,3,11,11,6.25,0
99,6,0,13,5,5.47,1
91,4,1,20,3,8.13,1
56,3,3,5,11,5.77,0
97,3,3,14,3,8.69,1
98,1,2,2,9,7.96,0
77,6,1,18,19,8.4,1
87,3,3,8,21,7.8,1
95,1,2,10,10,4.47,0
77,4,5,0,18,8.26,1
58,2,3,3,4,6.11,0
80,3,0,17,23,4.3,1
50,6,3,23,8,6.99,1
69,4,4,13,4,9.71,1
61,4,4,9,13,8.82,1
44,0,2,13,6,7.36,0
79,1,5,8,0,8.62,0
65,0,6,24,23,9.66,1
99,6,5,7,4,8.66,1
71,2,5,19,0,8.03,1
65,1,4,7,15,8.15,1
45,1,5,8,24,4.85,1
86,6,6,1,23,5.96,1
96,2,5,0,5,8.59,0
75,6,3,15,11,6.56,1
72,2,1,24,14,6.1,1
49,5,0,13,11,8.45,1
83,3,6,24,2,5.33,1
46,2,4,11,15,9.15,1
95,4,6,10,14,8.78,1
57,4,4,12,4,9.65,1
84,4,4,21,24,5.44,1
90,3,0,18,15,7.5,1
81,6,5,17,1,4.34,1
69,4,4,2,21,9.39,1
63,0,0,24,20,6.3,1
88,6,5,22,15,7.32,1
64,4,6,19,2,5.18,1
70,5,3,9,17,9.37,1
88,3,1,6,2,7.98,0
44,5,1,17,20,5.81,1
82,0,6,20,21,7.39,1
50,0,1,23,9,9.06,1
40,3,5,12,5,8.35,1
53,1,2,1,4,5.74,0
53,6,2,21,14,8.68,1
59,1,0,4,7,8.22,0
79,3,6,5,21,4.92,1
87,0,5,7,2,6.32,0
100,3,6,9,9,6.98,1
55,3,6,14,8,6.05,1
60,1,0,23,24,8.71,1
81,2,0,5,2,5.83,0
95,6,5,22,5,5.34,1
89,3,6,14,4,5.33,1
45,6,5,10,22,5.68,1
89,4,5,5,19,7.7,1
69,1,2,15,10,6.27,1
70,1,1,10,0,4.2,0
95,1,0,14,14,5.83,1
96,5,0,21,0,8.05,1
50,2,2,24,18,6.46,1
51,2,1,23,11,5.55,1
41,2,1,24,23,7.01,1
58,1,6,2,11,7.55,0
45,6,4,15,20,5.05,1
92,3,6,10,19,5.07,1
84,4,3,4,19,7.28,1
94,1,6,22,0,9.49,1
82,2,0,8,18,8.84,1
93,6,1,0,2,9.98,0
94,0,1,17,7,4.45,0
100,1,2,21,17,4.79,1
55,2,0,4,23,7.98,1
55,2,3,22,23,8.08,1
44,2,6,7,14,9.96,1
61,6,0,9,6,8.57,1
92,1,5,22,14,6.55,1
94,0,2,11,23,6.61,1
87,1,5,3,15,9.92,1
61,5,3,13,9,7.7,1
95,6,3,15,3,7.3,1
65,1,6,12,13,9.51,1
54,1,3,19,6,9.61,1
58,2,2,4,10,4.29,0
94,3,6,18,1,6.0,1
50,0,1,12,15,6.44,0
85,0,0,4,24,9.76,1
62,6,1,7,23,5.77,1
54,3,1,4,15,8.41,1
58,0,3,2,24,4.96,0
51,1,1,2,8,8.03,0
60,2,0,0,8,9.07,0
51,0,6,3,4,8.38,0
77,4,3,4,23,4.99,1
41,2,0,7,20,7.39,1
80,4,0,2,3,8.15,0
43,3,3,14,23,8.25,1
87,0,5,4,13,9.74,1
58,1,3,9,18,9.13,1
93,1,6,13,22,6.77,1
86,6,5,9,3,9.23,1
42,5,0,15,16,4.52,1
67,6,5,20,19,6.04,1
95,3,3,9,13,4.79,1
80,6,4,16,13,8.02,1
45,1,6,8,1,8.81,0
55,1,6,2,9,5.96,0
83,3,5,6,21,5.89,1
100,3,1,15,7,7.34,1
48,3,2,3,16,6.47,0
68,3,4,11,4,8.64,1
46,3,1,1,6,5.69,0
45,5,2,10,16,4.71,1
96,3,1,21,23,5.49,1
95,2,5,10,16,7.12,1
57,5,2,20,2,9.1,1
65,0,1,14,24,5.89,1
47,2,4,1,6,9.25,0
46,4,5,3,8,4.51,0
90,6,5,18,19,5.09,1
51,6,6,3,0,8.01,0
76,3,4,9,24,9.99,1
83,4,3,24,3,6.94,1
55,6,4,4,22,8.48,1
55,6,3,24,2,4.79,1
57,5,0,0,20,4.55,0
43,0,2,13,9,5.07,0
98,5,1,11,15,5.95,1
40,5,1,10,13,9.83,1
69,2,0,10,15,7.87,1
60,1,3,17,24,5.29,1
71,2,5,13,19,8.96,1
46,6,5,23,1,6.3,1
62,1,3,17,10,8.71,1
51,1,2,6,1,8.52,0
82,4,4,12,15,4.95,1
40,1,4,22,19,5.55,1
53,0,1,5,11,6.49,0
43,1,3,20,2,9.06,1
83,5,0,6,0,4.81,0
44,6,3,6,14,8.17,1
63,6,0,0,9,8.08,0
43,3,3,18,15,8.53,1
44,4,2,9,22,5.54,1
66,4,2,23,15,4.09,1
57,3,0,5,4,8.14,0
96,6,4,16,18,8.39,1
86,1,4,10,15,7.77,1
58,3,1,20,17,9.13,1
68,1,6,13,2,4.7,0
41,2,4,9,23,8.68,1
54,1,3,9,1,6.36,0
69,5,3,10,10,5.33,1
68,6,1,6,6,9.7,1
95,6,5,0,2,7.91,0
99,4,4,4,13,7.33,1
41,1,6,24,13,4.26,1
55,0,0,22,24,7.75,1
82,1,6,24,18,8.83,1
89,5,5,7,6,9.1,1
99,4,4,19,22,7.98,1
74,6,6,7,6,8.12,1
68,5,6,2,14,4.75,0
47,6,6,6,10,4.07,0
62,2,1,1,6,8.61,0
84,6,5,12,14,8.54,1
82,5,5,22,8,5.41,1
99,3,2,7,10,5.6,0
40,1,0,16,3,4.78,0
79,3,5,7,13,8.68,1
95,6,4,3,5,8.11,1
49,5,2,13,3,8.65,1
48,5,6,4,9,6.84,0
46,0,3,16,11,7.66,1
62,4,0,21,13,6.48,1
64,5,5,3,21,9.24,1
44,1,2,2,0,7.53,0
42,2,2,11,10,6.97,0
87,2,6,19,8,7.72,1
80,1,1,8,20,8.99,1
98,6,0,24,11,5.9,1
40,0,6,22,7,9.37,1
60,1,0,12,0,5.41,0
75,1,6,16,16,7.29,1
82,3,4,14,19,6.44,1
49,6,2,19,8,8.7,1
78,4,2,19,8,5.11,1
76,4,2,12,22,4.85,1
69,1,4,17,10,9.74,1
49,5,6,13,24,9.17,1
95,1,2,10,10,4.65,0
80,3,6,20,24,9.78,1
85,1,4,10,7,5.97,0
64,0,1,1,12,8.31,0
78,0,2,2,4,8.78,0
58,6,5,13,19,7.43,1
62,5,4,5,12,8.46,1
40,1,0,2,14,9.67,0
73,2,4,3,18,6.05,1
73,3,1,13,10,9.17,1
74,5,2,16,10,9.08,1
93,6,0,23,10,5.71,1
86,5,3,23,15,9.04,1
71,1,6,4,9,6.01,0
47,6,5,4,7,7.0,0
62,3,3,7,4,5.44,0
89,4,0,4,21,7.92,1
64,1,3,3,3,4.37,0
97,0,3,16,14,6.73,1
68,4,3,0,12,4.36,0
78,1,6,24,15,8.76,1
49,1,6,19,19,4.16,1
54,5,1,16,1,9.52,1
96,3,6,16,7,8.95,1
67,5,5,21,20,8.92,1
50,3,6,5,23,4.87,1
63,1,3,15,3,9.14,1
41,2,6,7,17,5.06,1
71,2,1,7,8,6.85,0
67,3,5,8,10,9.47,1
53,2,1,19,7,8.1,1
98,1,1,0,7,8.99,0
60,6,2,23,4,8.8,1
46,2,0,9,24,6.18,1
67,5,0,2,19,9.19,1
49,2,1,0,20,8.21,0
89,3,5,15,0,5.48,0
92,2,2,15,17,4.89,1
86,6,6,18,23,8.29,1
53,1,4,17,18,9.11,1
83,5,4,16,1,4.25,0
78,2,5,2,8,7.47,0
54,2,0,12,19,5.88,1
80,6,5,7,21,6.26,1
84,4,1,0,2,9.07,0
100,2,3,9,2,4.21,0
66,6,1,21,11,4.6,1
45,2,3,1,6,4.21,0
61,4,5,7,22,7.25,1
100,6,5,1,17,7.45,1
48,1,4,12,5,6.28,0
58,1,2,24,10,5.49,1
46,2,1,21,11,4.29,1
82,6,4,7,11,8.47,1
99,2,1,19,21,7.19,1
100,0,4,9,13,7.7,1
50,4,6,16,23,6.73,1
46,0,6,8,17,4.35,0
47,4,1,12,13,4.19,0
53,5,6,12,23,9.74,1
89,6,5,21,15,8.04,1
84,1,0,0,7,9.08,0
76,1,4,16,19,4.07,1
75,1,3,12,8,6.07,0
80,5,2,0,2,4.34,0
85,2,1,22,12,5.85,1
90,0,1,14,9,4.91,0
65,4,1,8,4,9.35,0
96,2,5,12,4,8.02,1
78,5,0,9,4,4.45,0
71,0,4,14,16,5.01,1
75,4,5,11,3,5.52,0
45,0,2,17,23,6.64,1
68,6,3,15,10,4.48,1
52,2,2,22,3,4.98,0
46,3,0,19,7,8.98,1
86,4,4,11,21,6.91,1
72,3,1,14,6,4.56,0
58,1,2,11,24,5.62,1
81,1,4,18,20,7.68,1
89,4,1,0,21,5.25,1
97,5,2,20,23,8.89,1
94,4,6,5,10,6.25,1
66,6,3,7,18,9.46,1
54,1,5,4,22,4.03,0
64,1,4,13,2,7.66,0
55,5,1,7,23,4.05,1
99,4,5,16,9,7.4,1
92,6,5,11,17,7.23,1
61,4,2,2,16,9.33,1
40,1,6,16,3,8.95,1
53,5,6,19,3,7.45,1
58,5,0,12,20,5.78,1
100,0,1,1,5,6.58,0
85,0,5,20,15,5.21,1
51,3,4,5,20,7.8,1
90,4,5,1,23,5.65,1
99,5,5,15,13,9.86,1
68,6,5,7,9,6.12,1
56,0,3,9,1,5.35,0
52,4,0,17,22,9.39,1
76,0,6,5,20,4.07,1
43,1,2,22,21,5.52,1
73,2,0,12,4,9.79,1
88,5,0,18,10,8.36,1
54,3,2,15,17,8.71,1
65,0,0,15,1,8.47,0
88,4,6,12,23,4.94,1
66,5,3,0,5,7.87,0
73,3,5,8,5,7.88,1
65,2,3,6,6,9.73,0
67,4,4,22,12,8.61,1
53,0,0,21,4,8.54,1
49,3,5,21,12,8.29,1
80,6,5,13,14,8.07,1
46,0,1,2,2,4.88,0
76,0,5,22,16,8.99,1
41,0,1,11,22,8.91,1
74,5,2,1,23,7.73,1
74,4,2,15,0,9.61,1
88,5,2,6,7,7.04,0
93,0,3,23,23,7.35,1
57,4,0,6,14,6.08,0
68,2,0,23,0,4.52,0
92,0,3,9,16,8.44,1
67,5,0,3,3,6.33,0
43,1,5,22,13,5.64,1
58,5,1,2,23,7.33,1
73,0,2,20,21,8.82,1
58,3,4,21,24,5.5,1
42,6,3,22,8,4.65,1
93,5,2,17,3,9.05,1
96,5,4,15,19,4.88,1
41,0,3,3,3,5.6,0
70,6,3,20,0,8.08,1
86,0,1,3,9,6.91,0
87,0,6,15,10,6.44,1
82,6,3,5,24,9.38,1
83,4,4,11,18,8.95,1
95,6,1,20,23,4.94,1
73,4,1,6,13,7.78,1
72,1,2,24,17,8.46,1
47,1,6,4,12,6.02,0
62,5,4,16,14,5.12,1
90,2,4,24,9,8.64,1
43,4,3,16,9,6.96,1
41,0,2,1,7,7.13,0
68,3,6,18,10,4.93,1
64,1,4,15,9,6.98,1
90,2,0,13,18,4.13,1
43,4,4,14,2,6.12,0
81,4,4,8,15,6.64,1
65,4,6,23,13,5.15,1
50,3,0,2,11,8.24,0
75,0,0,19,1,9.8,1
71,1,5,20,4,6.33,1
41,5,1,3,8,5.76,0
75,2,5,15,1,9.82,1
84,2,2,3,3,9.22,0
47,1,1,9,23,9.61,1
50,3,3,0,3,5.72,0
61,0,1,18,9,6.94,1
62,3,6,8,3,7.84,0
78,4,3,5,18,5.92,1
43,3,4,8,15,7.33,1
72,3,2,21,24,5.55,1
43,4,4,1,2,7.21,0
88,2,5,10,19,9.05,1
45,5,1,2,8,8.81,0
51,1,0,23,3,4.71,0
98,0,3,13,8,6.13,1
99,2,6,15,22,8.67,1
47,3,6,20,14,9.78,1
66,1,4,6,21,6.82,1
61,2,5,12,11,6.14,1
64,6,0,16,19,9.66,1
78,2,3,11,21,9.99,1
83,6,1,10,20,5.92,1
49,3,5,12,21,9.56,1
89,2,5,13,7,5.83,1
78,0,4,15,11,9.97,1
79,4,3,9,2,6.96,0
53,6,5,13,1,9.32,1
85,3,6,0,13,7.47,1
96,5,2,7,2,6.67,0
53,2,3,3,3,5.28,0
59,0,5,13,5,8.4,1
96,2,0,6,0,5.24,0
77,1,2,2,12,5.88,0
97,3,1,20,11,4.98,1
40,4,2,21,19,8.53,1
63,0,4,14,24,5.5,1
74,1,1,0,10,9.19,0
94,1,3,11,23,6.93,1
46,3,2,23,13,7.05,1
71,4,5,4,3,5.5,0
64,1,6,5,9,8.54,1
65,6,0,5,4,6.12,0
57,3,5,2,15,8.26,1
44,4,3,13,11,6.98,1
90,0,6,6,23,6.13,1
53,2,4,12,22,4.16,1
97,4,4,22,15,4.06,1
41,0,6,10,1,6.78,0
53,3,6,14,23,8.61,1
53,3,0,4,23,7.87,1
79,6,5,12,16,5.45,1
82,0,3,17,5,9.51,1
67,6,2,10,20,6.9,1
49,1,3,0,3,4.34,0
76,6,0,18,16,9.34,1
55,3,1,1,24,6.45,1
80,1,5,7,19,4.53,1
49,1,5,20,20,4.2,1
49,5,2,9,4,5.62,0
44,3,3,13,22,6.22,1
88,0,3,12,23,7.46,1
82,4,0,19,19,7.44,1
89,3,3,17,10,6.75,1
63,1,0,15,18,9.77,1
71,1,2,8,19,5.28,1
52,4,5,9,13,6.78,1
63,5,1,5,15,7.59,1
62,3,6,8,10,4.66,0
76,6,3,23,2,7.55,1
42,4,1,22,11,6.45,1
60,6,6,10,17,7.43,1
50,3,3,15,14,7.76,1
55,5,0,0,0,5.45,0
56,0,5,6,1,4.11,0
97,3,2,5,7,7.18,0
90,3,6,24,3,8.82,1
56,4,5,18,2,8.37,1
62,2,4,16,5,6.22,1
87,0,2,12,15,9.76,1
59,5,0,8,10,5.99,0
48,2,0,24,11,8.42,1
56,3,1,14,13,7.5,1
58,2,3,20,23,9.74,1
75,0,0,5,8,8.37,0
77,1,2,2,21,8.22,1
70,5,3,19,3,4.58,1
56,3,1,14,23,8.83,1
92,3,5,19,14,5.48,1
76,3,4,3,5,6.18,0
44,6,5,11,10,8.5,1
57,2,1,21,17,7.08,1
51,1,4,21,23,6.22,1
76,6,5,8,7,8.64,1
81,1,3,8,15,4.65,0
99,5,6,1,7,6.29,0
81,6,2,2,5,9.04,0
49,5,0,6,0,9.82,0
96,3,5,23,2,9.44,1
99,6,4,10,22,4.77,1
56,0,1,5,15,9.77,1
74,5,2,14,19,4.13,1
65,6,1,23,21,4.13,1
64,4,1,16,19,5.05,1
50,4,5,12,7,5.04,0
56,0,1,22,4,7.34,1
81,6,6,23,1,6.87,1
99,4,0,11,21,5.86,1
82,2,4,2,4,6.08,0
45,3,1,8,23,6.71,1
50,4,2,23,8,5.29,1
43,5,0,4,13,6.29,0
100,4,5,9,0,9.49,1
49,5,5,22,4,9.74,1
79,0,0,4,0,5.69,0
76,4,4,4,10,7.91,1
94,1,6,4,9,5.24,0
66,6,0,3,19,5.77,1
42,5,4,17,6,5.83,1
95,2,6,6,24,9.55,1
42,2,5,15,7,9.66,1
80,1,2,20,6,4.82,1
52,6,3,14,15,8.74,1
91,1,1,15,14,7.24,1
52,5,5,8,9,9.77,1
84,1,3,11,7,6.08,0
68,0,5,24,22,6.72,1
50,5,6,21,11,8.56,1
88,6,4,4,8,8.19,1
53,3,4,15,14,7.47,1
78,2,4,6,9,9.65,1
84,2,0,20,12,5.31,1
71,6,2,17,17,5.96,1
61,3,6,14,6,7.13,1
93,1,2,20,6,6.26,1
98,2,6,23,14,8.09,1
84,0,4,19,21,7.0,1
46,5,4,19,4,8.12,1
88,4,5,12,8,9.31,1
60,3,2,16,0,9.54,1
91,6,6,7,20,6.82,1
87,6,4,20,0,6.78,1
73,3,6,3,7,4.86,0
81,5,4,21,16,8.53,1
49,1,1,2,11,9.18,0
76,6,6,22,0,4.28,1
61,4,5,17,5,8.4,1
94,4,5,11,15,5.07,1
81,2,6,16,10,5.87,1
66,5,0,10,19,4.38,1
42,5,1,5,24,5.76,1
40,2,2,23,2,8.72,1
87,0,5,17,20,9.67,1
79,1,5,19,17,9.0,1
93,0,2,3,1,5.01,0
42,4,1,19,20,9.85,1
97,2,5,3,10,6.9,1
78,0,3,15,19,5.29,1
67,2,4,0,11,6.03,0
47,4,6,5,17,8.13,1
90,2,0,20,6,4.21,0
47,3,5,19,11,4.55,1
71,3,4,14,1,4.1,0
45,2,0,7,18,9.52,1
40,6,2,18,24,8.97,1
52,2,0,17,18,4.77,1
49,0,6,18,13,4.84,1
94,5,3,20,6,8.18,1
74,6,2,21,17,9.16,1
58,2,6,12,3,9.18,1
68,6,5,4,14,8.0,1
84,6,5,19,4,7.99,1
90,3,3,2,22,7.27,1
48,3,5,23,16,8.72,1
52,0,5,24,6,8.06,1
75,0,1,16,5,6.8,0
65,6,5,15,4,7.68,1
68,3,2,6,7,7.04,0
80,4,3,17,20,9.97,1
64,3,6,12,7,6.59,1
51,4,0,11,7,6.08,0
90,5,6,24,19,9.5,1
61,5,4,22,24,7.54,1
48,3,3,13,1,6.79,0
69,4,5,24,11,8.55,1
99,0,0,6,24,5.17,1
97,6,5,12,8,5.56,1
52,1,4,6,1,7.12,0
75,2,1,11,14,5.12,0
50,4,5,17,13,8.61,1
81,6,5,7,6,5.2,0
80,3,1,24,5,4.1,1
48,3,2,16,17,8.78,1
91,6,5,23,14,8.97,1
56,3,1,12,17,5.97,1
49,2,0,9,24,9.33,1
80,2,0,12,13,6.0,1
66,2,2,6,18,4.32,0
100,5,3,23,8,7.85,1
89,1,0,9,8,5.7,0
58,3,0,1,15,6.48,0
65,6,1,24,8,6.53,1
45,4,1,15,11,6.69,1
88,4,3,7,16,7.87,1
72,1,3,20,0,5.25,0
90,0,0,1,24,4.34,0
64,1,5,21,12,9.66,1
54,4,2,6,6,4.37,0
69,5,3,3,11,6.96,0
85,4,6,4,12,8.08,1
41,2,4,18,3,7.19,1
77,3,0,8,17,7.87,1
68,4,4,16,11,4.9,1
87,6,1,12,10,7.3,1
64,4,2,14,1,6.14,0
71,6,6,8,18,4.49,1
57,2,4,0,18,8.81,1
89,4,4,3,4,6.83,0
88,1,5,19,20,9.09,1
67,1,1,21,10,5.65,1
74,5,3,20,24,7.86,1
95,1,0,1,21,6.29,0
65,2,2,7,8,7.1,0
72,6,2,6,22,7.85,1
63,3,0,0,1,9.99,0
99,5,3,5,22,4.61,1
43,4,0,15,19,9.51,1
80,1,0,4,8,6.88,0
78,2,3,20,12,5.28,1
64,4,2,22,19,7.12,1
40,4,5,1,13,6.23,0
70,2,6,10,22,4.94,1
85,4,4,14,19,9.0,1
65,2,6,18,14,8.35,1
78,3,5,16,22,5.3,1
43,3,4,22,6,7.33,1
59,0,3,3,9,6.47,0
94,3,3,12,19,7.04,1
89,5,2,7,21,4.44,1
78,1,3,18,8,6.95,1
78,4,5,7,14,5.61,1
92,0,1,17,3,9.53,1
85,4,5,3,21,8.73,1
75,5,0,21,15,4.32,1
51,0,5,12,2,6.61,0
79,4,4,21,23,6.77,1
44,5,0,12,24,6.26,1
64,2,4,21,21,7.88,1
77,3,6,11,15,8.02,1
69,6,5,2,16,6.61,1
100,1,3,8,5,8.73,1
40,1,4,19,7,6.83,1
94,0,0,13,16,6.85,1
59,2,1,6,6,9.15,0
41,3,6,1,5,8.73,0
84,0,6,11,8,8.1,1
80,3,2,2,7,9.49,0
46,3,2,22,1,9.07,1
88,3,4,6,10,9.45,1
71,2,6,18,9,4.55,1
55,4,0,0,5,6.79,0
45,3,3,5,21,7.19,1
42,3,4,15,17,9.11,1
45,5,1,14,3,7.94,0
51,3,3,7,23,8.63,1
81,0,2,4,12,5.59,0
69,4,2,3,3,7.54,0
58,5,3,10,14,4.31,1
76,5,0,5,17,5.56,1
94,6,1,17,21,9.6,1
70,2,5,18,22,5.97,1
98,5,2,10,13,5.65,1
99,5,3,4,1,9.59,1
55,6,4,19,11,7.72,1
62,5,2,11,13,4.39,0
63,2,0,15,8,9.13,1
73,6,1,3,23,5.58,1
94,3,6,24,10,7.44,1
95,3,4,16,6,9.86,1
95,4,6,22,5,7.7,1
58,2,4,14,6,5.44,0
72,5,3,17,4,4.35,0
88,6,5,12,17,8.79,1
66,0,0,14,2,6.23,0
77,5,4,14,5,6.72,1
43,2,1,14,11,5.93,0
88,3,0,22,4,6.24,1
82,3,3,3,2,7.47,0
80,2,5,23,0,5.77,1
46,5,6,6,9,8.84,1
48,5,4,2,10,5.21,0
81,2,2,13,8,9.1,1
59,3,2,24,5,8.07,1
76,2,3,14,2,7.17,0
47,5,2,0,21,8.59,1
88,1,0,19,12,7.27,1
67,3,1,19,24,8.06,1
100,1,0,5,21,7.96,1
75,3,1,19,4,4.83,0
54,5,4,17,13,8.01,1
77,4,5,5,21,6.03,1
66,1,3,9,14,8.31,1
96,5,5,14,6,6.81,1
93,0,1,9,2,7.26,0
79,6,2,12,23,5.71,1
78,6,6,0,20,5.84,1
76,5,4,24,6,4.59,1
61,3,6,5,6,9.8,1
73,1,3,5,20,8.41,1
55,6,1,13,1,5.62,0
99,4,5,12,24,6.07,1
52,0,4,9,17,7.55,1
83,3,0,1,12,9.71,1
73,4,0,24,9,6.61,1
68,3,0,16,6,4.0,0
95,0,1,9,18,7.85,1
83,2,0,7,9,4.54,0
92,0,1,21,15,5.95,1
92,2,6,4,11,9.64,1
61,0,6,15,23,6.07,1
87,3,4,3,10,4.61,0
58,6,5,10,13,6.44,1
66,1,2,6,15,4.3,0
60,2,2,15,13,6.14,1
84,3,0,4,3,6.11,0
60,3,2,10,19,5.19,1
55,5,0,13,6,5.38,0
79,1,1,12,24,8.53,1
55,2,3,23,8,9.72,1
58,0,3,17,14,9.52,1
80,6,2,24,9,8.36,1
59,3,3,16,7,9.1,1
46,5,1,23,24,7.87,1
100,4,0,4,12,6.5,0
74,0,1,22,3,4.72,0
79,2,3,5,13,7.26,1
65,2,4,18,22,9.91,1
96,0,3,2,19,5.65,0
87,2,5,10,22,6.22,1
49,2,6,9,4,5.35,0
62,0,6,7,18,5.08,1
80,5,6,10,17,5.66,1
54,1,3,21,21,6.14,1
59,6,5,23,14,5.66,1
66,3,3,21,21,9.36,1
99,5,3,1,23,6.53,1
50,0,5,13,9,4.06,0
74,1,4,17,24,6.64,1
81,6,0,21,13,9.42,1
48,5,5,4,0,8.89,0
72,3,4,23,9,8.61,1
69,4,1,20,3,4.57,0
55,4,4,16,15,8.19,1
79,2,4,16,15,6.44,1
75,0,4,24,21,6.93,1
79,0,5,1,12,9.22,1
93,0,4,12,12,5.94,1
74,6,5,15,13,4.79,1
89,0,1,4,21,9.32,1
76,6,1,7,19,5.29,1
62,2,2,23,2,5.88,1
70,6,4,7,21,9.36,1
91,6,1,2,14,8.04,1
94,0,4,4,24,6.81,1
91,3,2,3,8,8.32,0
60,4,4,17,21,4.73,1
100,4,4,10,23,9.56,1
59,0,3,3,24,4.26,0
96,1,4,18,8,4.61,1
94,6,2,3,19,9.12,1
64,2,4,10,1,9.62,0
94,4,1,20,4,7.22,1
81,6,6,13,19,9.44,1
42,2,4,12,2,7.57,0
44,1,4,14,6,7.43,0
59,4,2,22,19,4.92,1
52,1,2,23,6,5.94,1
70,4,0,22,14,9.44,1
77,4,6,8,15,6.21,1
55,0,4,14,14,8.04,1
81,0,2,14,22,6.52,1
47,3,4,4,5,9.95,0
78,0,4,24,5,7.86,1
